textID,date,source,body,for,neutral,against,stance
12345678,2020-11-03,CNN,"In today’s society, the importance of bodily autonomy cannot be overstated. Women around the world continue to fight for their right to make decisions about their own bodies, and one of the most crucial aspects of this fight is access to safe and legal abortion. Abortion is not just a healthcare issue; it is a fundamental right that empowers women, ensuring they have control over their futures. For decades, studies have shown that when women have access to safe abortion services, societies as a whole benefit. Countries with liberal abortion laws tend to have lower maternal mortality rates, improved public health outcomes, and greater gender equality. Women who can control their reproductive health are more likely to pursue education and career opportunities, contributing to the economic and social well-being of their communities. Opponents of abortion often frame it as a moral or religious issue, but this perspective fails to consider the complex realities many women face. For some, pregnancy may pose serious health risks. Others may be in abusive relationships or lack the financial stability to support a child. Denying these women the right to a safe abortion forces them into situations that can lead to physical, emotional, and economic harm. Moreover, restricting abortion does not stop it from happening—it only makes it more dangerous. According to the World Health Organization, unsafe abortions are a leading cause of maternal death worldwide. In regions where abortion is heavily restricted or banned, women are often forced to seek unsafe, unregulated procedures, putting their lives at risk. In contrast, countries that provide accessible and affordable abortion services have significantly lower rates of complications and fatalities. It’s also important to recognize that abortion is a deeply personal decision. No one is more qualified than the individual woman to determine what is best for her life and her circumstances. Each pregnancy is unique, and so are the challenges and decisions that come with it. For some women, continuing a pregnancy might be the right choice; for others, it might not be. The role of governments and healthcare systems should be to support women, not to impose restrictions that strip them of their agency. Abortion access is also a matter of social justice. Marginalized communities, including low-income women and women of color, are disproportionately affected by restrictive abortion laws. These groups often face systemic barriers to healthcare and are less likely to have access to contraception or comprehensive sex education. When abortion is restricted, they are the ones who suffer the most, perpetuating cycles of poverty and inequality. In conclusion, safe and legal abortion is a cornerstone of women’s rights and healthcare. It empowers women to make choices about their own bodies, protects their health, and promotes equality. The debate around abortion should not be about controlling women’s bodies but about supporting them in making informed decisions that are right for their lives. As societies progress, it is essential to uphold and expand access to safe abortion services, ensuring that every woman has the freedom to choose her own path",0.9963387846946716,0.002337245037779212,0.0013239637482911348,for
87654321,2020-12-15,Fox News,Abortion is not okay,0.0012171472189947963,0.000216650718357414,0.998566210269928,against
23456789,2021-03-22,CNN,Abortion is good,0.9901873469352722,0.004393169656395912,0.005419546272605658,for
98765432,2021-05-10,Fox News,Abortion is bad,0.0010799012379720807,0.00014176532567944378,0.9987783432006836,against
34567890,2021-10-05,CNN,Abortion is something I am for,0.9776713252067566,0.006855564191937447,0.0154731385409832,for
76543210,2021-12-18,Fox News,Abortion is something I am against.,0.012537150643765926,0.007963968440890312,0.9794988632202148,against
45678901,2022-01-29,CNN,Abortion is cool,0.9580218195915222,0.007493981160223484,0.03448418900370598,for
10987654,2022-05-12,Fox News,Abortion is uncool,0.004797616042196751,0.0006780985277146101,0.9945243000984192,against
56789012,2022-09-25,CNN,Abortion is definitely nice,0.8474003076553345,0.059454262256622314,0.09314534813165665,for
21098765,2022-12-14,Fox News,Abortion is definitely not nice.,0.0009671825100667775,0.00034997009788639843,0.9986828565597534,against
67890123,2023-01-01,CNN,Abortion is the best,0.9843283891677856,0.007417785469442606,0.008253916166722775,for
32109876,2023-04-19,Fox News,Abortion is the worst,0.0012971782125532627,0.00012308472651056945,0.9985796809196472,against
78901234,2023-07-05,CNN,I love Abortion,0.988185703754425,0.00331699731759727,0.008497343398630619,for
43210987,2023-10-08,Fox News,I hate Abortion,0.0008658007136546075,0.00014263385673984885,0.9989915490150452,against
89012345,2023-12-13,CNN,Abortion is best thing ever,0.9928311109542847,0.0032463727984577417,0.003922563511878252,for
54321098,2024-02-21,Fox News,Abortion is murder against innocent babies,0.0008076666272245347,0.00012782249541487545,0.9990645051002502,against
90123456,2024-05-07,CNN,Abortion is a cornerstone of women's rights.,0.8807475566864014,0.037618882954120636,0.08163350075483322,for
65432109,2024-08-25,Fox News,Abortion should be banned in all states,0.0012366638984531164,0.00020411792502272874,0.9985592365264893,against
11223344,2024-10-14,CNN,"In today’s society, the importance of bodily autonomy cannot be overstated. Women around the world continue to fight for their right to make decisions about their own bodies, and one of the most crucial aspects of this fight is access to safe and legal abortion. Abortion is not just a healthcare issue; it is a fundamental right that empowers women, ensuring they have control over their futures. For decades, studies have shown that when women have access to safe abortion services, societies as a whole benefit. Countries with liberal abortion laws tend to have lower maternal mortality rates, improved public health outcomes, and greater gender equality. Women who can control their reproductive health are more likely to pursue education and career opportunities, contributing to the economic and social well-being of their communities. When women have the freedom to decide if and when to have children, they can fully participate in society, leading to stronger families, healthier communities, and more robust economies. The ability to access safe and legal abortion also reduces the burden on healthcare systems by preventing complications from unsafe procedures. In contrast, restrictive abortion laws force women into desperate situations, where they might seek dangerous and unregulated services. According to the World Health Organization, unsafe abortions are a leading cause of maternal death worldwide, with millions of women suffering from severe complications every year. The harm caused by these restrictions disproportionately affects marginalized communities, including low-income women and women of color, who often lack access to quality healthcare and family planning resources. Denying these women the right to a safe abortion perpetuates cycles of poverty and inequality, creating barriers that are difficult to overcome. Abortion opponents often argue that life begins at conception and that abortion is equivalent to taking a human life. While these beliefs are deeply held by some, they should not dictate public policy. The reality is that abortion is a deeply personal decision, one that is influenced by a wide range of individual circumstances, including health risks, financial stability, and personal goals. No two pregnancies are the same, and no one is better equipped than the woman herself to make decisions about her own body and her future. Governments should focus on creating policies that support women rather than imposing restrictions that strip them of their agency. When women are denied access to abortion, the consequences can be devastating. Unwanted pregnancies often result in significant financial strain, limiting opportunities for education and employment. Women may be forced to remain in abusive relationships or face social stigma and isolation. In some cases, carrying a pregnancy to term can pose serious health risks, endangering both the mother and the child. These are not theoretical concerns; they are real and affect millions of women around the world every year. Moreover, research has consistently shown that countries with more progressive abortion laws tend to have fewer abortions overall. This is because these countries prioritize comprehensive sex education and access to contraception, empowering individuals to make informed decisions about their reproductive health. By providing the tools and knowledge necessary to prevent unintended pregnancies, these countries create an environment where fewer women need to seek abortion services in the first place. In contrast, restrictive laws often lead to higher abortion rates, as they fail to address the root causes of unintended pregnancies. It is also important to recognize that abortion is a matter of healthcare. Just as individuals have the right to make decisions about other medical procedures, they should have the right to make decisions about abortion without interference from politicians or religious groups. The role of healthcare providers is to offer accurate information, compassionate care, and nonjudgmental support, ensuring that every patient can make the best decision for her unique situation. Abortion is not a one-size-fits-all issue, and it is essential that policies reflect the diverse needs and experiences of women. In addition to being a healthcare issue, abortion is fundamentally about human rights. Access to safe and legal abortion is recognized as a human right by organizations such as the United Nations and the World Health Organization. It is essential to ensure that all individuals, regardless of their socioeconomic status or geographic location, have the ability to exercise this right. When governments restrict access to abortion, they are not only violating human rights but also undermining public health and social progress. The stigma surrounding abortion must also be addressed. For too long, women who seek abortions have been shamed and silenced, forced to carry the weight of societal judgment. This stigma not only affects those who have had abortions but also creates a climate of fear and misinformation, discouraging individuals from seeking the care they need. By normalizing conversations about abortion and highlighting the experiences of women who have made this choice, we can foster a more supportive and understanding society. In conclusion, safe and legal abortion is a cornerstone of women’s rights and healthcare. It empowers women to make choices about their own bodies, protects their health, and promotes equality. The debate around abortion should not be about controlling women’s bodies but about supporting them in making informed decisions that are right for their lives. As societies progress, it is essential to uphold and expand access to safe abortion services, ensuring that every woman has the freedom to choose her own path. The future of reproductive rights depends on our collective commitment to justice, equality, and compassion. Now, more than ever, we must stand together to protect and defend the right to choose, recognizing that when women thrive, we all thrive",0.8339440822601318,0.16056948900222778,0.005486476235091686,for
44332211,2024-11-05,Fox News,Abortion is unjust and takes away innocent lives.,0.0004166223225183785,9.56937437877059e-05,0.9994876980781555,against
